{"cameraMode":{"drawMode":0,"name":"Shaded","section":"Shading Mode"},"sceneLighting":true,"audioPlay":false,"sceneViewState":{"showFog":true,"showMaterialUpdate":false,"showSkybox":true,"showFlares":true,"showImageEffects":true,"showParticleSystems":true},"in2DMode":false,"pivot":{"x":2.7373228073120119,"y":1.5040744543075562,"z":-0.1968318670988083},"rotation":{"x":-0.015289650298655033,"y":0.051568903028964999,"z":-0.0007901925127953291,"w":-0.9985578060150147},"size":0.8965258002281189,"orthographic":false}