{"cameraMode":{"drawMode":0,"name":"Shaded","section":"Shading Mode"},"sceneLighting":true,"audioPlay":false,"sceneViewState":{"showFog":true,"showMaterialUpdate":false,"showSkybox":true,"showFlares":true,"showImageEffects":true,"showParticleSystems":true},"in2DMode":false,"pivot":{"x":-6.194975852966309,"y":-1.7513784170150757,"z":27.225229263305665},"rotation":{"x":-0.037389639765024188,"y":0.14695729315280915,"z":-0.005558862816542387,"w":-0.9884223341941834},"size":22.08478546142578,"orthographic":false}